,,Name,Username,"User Profile","Tweet ID",Retweets,Comments,Favorites,"Is Retweet?",Date,"Tweet Text","Tweet Source","Status URL"
1,,olist,olistbr,https://www.twitter.com/olistbr,"ID: 1106296456854540290",0,0,0,,"2019-03-14 20:50:03","#TemNoOlist Babá Eletrônica Câmera LED com visão noturna de R$299,00 por R$220,00 e FRETE GRÁTIS para todo o Brasil: https://t.co/Fxzn9dBvCWOferta válida somente para a #SemanaDoConsumidor. Compre já na loja Olist no marketplace do @Walmart_BR.#BabáEletrônica #FreteGrátis https://t.co/qsB3LkIxug","Hootsuite Inc.",https://www.twitter.com/olistbr/status/1106296456854540290
2,,olist,olistbr,https://www.twitter.com/olistbr,"ID: 1106621102044921858",0,0,0,,"2019-03-15 18:20:05","Novidade para os #lojistas do Olist: o Ideris é o nosso novo #HUB parceiro! Acesse o link https://t.co/Xkw9V0XGJr para saber mais. #goOlist #gentequeadoranovidade https://t.co/7ZvauJRMWl","Hootsuite Inc.",https://www.twitter.com/olistbr/status/1106621102044921858
3,,olist,olistbr,https://www.twitter.com/olistbr,"ID: 1108353391732948992",0,0,0,,"2019-03-20 13:03:35","#TemNoOlist binóculo e telescópio pra você dar aquele zoom na #superlua que aparecerá hoje nas Américas do Sul e Norte! Confira agora em nossa loja no #marketplace do @deumzoom!Binóculo: https://t.co/pDMUBqzxEv Telescópio: https://t.co/7mvz0Jks8X #Binóculo #Telescópio #Lua https://t.co/Q6weRMvHzQ","Twitter Web Client",https://www.twitter.com/olistbr/status/1108353391732948992
4,,olist,olistbr,https://www.twitter.com/olistbr,"ID: 1111353046251040770",0,1,1,,"2019-03-28 19:43:08","#TemNoOlist #Oferta de Microondas Espelhado 31L da Philco de R$499,99 por R$419,90: https://t.co/9PZGicJ0KT 😍Oferta válida até dia 31/03/2019, compre agora no marketplace do @Walmart_BR https://t.co/fcwzcSJCmq","Twitter Web Client",https://www.twitter.com/olistbr/status/1111353046251040770
5,,olist,olistbr,https://www.twitter.com/olistbr,"ID: 1116045348278034433",0,0,1,,"2019-04-10 18:28:40","Saiu o novo trailer do live-action de Rei Leão. Tá permitido ficar nostálgico! Temos no nosso catálogo o @OriginalFunko do Mufasa, dá uma olhadinha: https://t.co/enxc1bkuOb 🦁#TemNoOlist #ReiLeão #Disney","Hootsuite Inc.",https://www.twitter.com/olistbr/status/1116045348278034433
6,,olist,olistbr,https://www.twitter.com/olistbr,"ID: 1117578374325649408",0,1,4,,"2019-04-15 00:00:22","Hoje tem estreia da nova (e última 😱) temporada de Game of Thrones. Fique de olho aqui no nosso Twitter que vamos divulgar diversos produtos temáticos da série! ❤️#forthethrone #got #gameofthronesseason #winterhascome #winteriscoming #gameofthrones","Hootsuite Inc.",https://www.twitter.com/olistbr/status/1117578374325649408
7,,olist,olistbr,https://www.twitter.com/olistbr,"ID: 1117580809811185665",0,0,0,,"2019-04-15 00:10:03","Jon Snow pode não saber de nada, mas nós sabemos que este @OriginalFunko dele está demais 🙃 https://t.co/V7wUBtXqRy#jonsnow #winteriscoming  #forthethrone #gameofthronesseason #gameofthrones #got #gotseason #GameOfThrones #JonSnow #GoT #TemNoOlist","Hootsuite Inc.",https://www.twitter.com/olistbr/status/1117580809811185665
8,,olist,olistbr,https://www.twitter.com/olistbr,"ID: 1117583332034916353",0,0,0,,"2019-04-15 00:20:04","Quem você acha que vai ocupar o trono de ferro? Nossa aposta aqui é no #TeamDaenerys! Confira o @OriginalFunko dela rainha em nossa loja: https://t.co/6JRJ5Iy6SZ 👑#forthethrone #GameOfThrones #DaenerysTargaryen  #MotherOfDragons #TemNoOlist","Hootsuite Inc.",https://www.twitter.com/olistbr/status/1117583332034916353
9,,olist,olistbr,https://www.twitter.com/olistbr,"ID: 1117585850131521536",0,0,0,,"2019-04-15 00:30:05","Ansioso(a) pela nova temporada? Enquanto o primeiro episódio não começa, dá uma olhada nesta caneca Targaryen disponível na nossa loja: https://t.co/uF9kUNn4jU ❤️#TemNoOlist #Targaryen #gameofthrones #GoT #DaenerysTargaryen #ForTheThrone","Hootsuite Inc.",https://www.twitter.com/olistbr/status/1117585850131521536
10,,olist,olistbr,https://www.twitter.com/olistbr,"ID: 1117587104199004161",0,2,1,,"2019-04-15 00:35:04","A Garralonga é a espada do #JonSnow, feita de aço valiriano e bem efetiva contra os White Walkers. Confira uma réplica decorativa dela na nossa loja no @MercadoLivre: https://t.co/4vFjm1uDWu#TemNoOlist #GoT #GameOfThrones #gameofthrones #WinterIsComing","Hootsuite Inc.",https://www.twitter.com/olistbr/status/1117587104199004161
11,,olist,olistbr,https://www.twitter.com/olistbr,"ID: 1120731807819939841",1,1,2,,"2019-04-23 16:50:59","Aproveite o #DiaMundialDoLivro para renovar sua estante! Em nossa loja no marketplace do @submarino tem mais de 2 mil títulos para você escolher: https://t.co/SRg0E4o9Ii #temNoOlist https://t.co/3akZkbQ5a8","Twitter Web Client",https://www.twitter.com/olistbr/status/1120731807819939841
12,,olist,olistbr,https://www.twitter.com/olistbr,"ID: 1126163636081364993",2,1,8,,"2019-05-08 16:35:08","Quer uma notícia maravilhosa?Encontre tudo para o seu #carro com até 30% OFF e em 10x sem juros na loja Olist no #marketplace do @Walmart_BR! ATENÇÃO: as ofertas são válidas até as 23h59 do dia 09/05, então corre comprar: https://t.co/B7zepnLIJ7#autopeças #autoparts https://t.co/iEYSiLAOD8","Twitter Web App",https://www.twitter.com/olistbr/status/1126163636081364993
13,,olist,olistbr,https://www.twitter.com/olistbr,"ID: 1139513677428723712",0,1,1,,"2019-06-14 12:43:26","Você piscou e daqui a pouco já é #DiaDosPais... Que tal presentear o paizão com este #Smartphone LG K11 na cor azul e com 32GB? #TemNoOlist de R$829 por R$679: https://t.co/WgTzKrnhdJA #oferta é válida por tempo limitado, então compre logo!#celular #LGK11 #celularnovo","Twitter Web App",https://www.twitter.com/olistbr/status/1139513677428723712
14,,olist,olistbr,https://www.twitter.com/olistbr,"ID: 1139538553799663616",0,3,3,,"2019-06-14 14:22:17","Procurando por um #celular novo com preço baixo e ótima qualidade? #TemNoOlist Smartphone LG K9 Tv com 16GB de R$659 por R$499: https://t.co/hAdFyPU3QMMas corre, porque a #oferta é válida enquanto durar o estoque! #smartphone #LGK9","Twitter Web App",https://www.twitter.com/olistbr/status/1139538553799663616
15,,olist,olistbr,https://www.twitter.com/olistbr,"ID: 1182363469997363201",11,6,15,,"2019-10-10 18:33:13","Quem aí quer ganhar ingresso para a #PythonBrasil2019?Se você puder estar em Ribeirão Preto/SP de 23 a 28/10, cadastre-se no link https://t.co/wck3VvikJk e saiba como o Olist pode ajudar você a participar do maior evento de #programação #Python do país! https://t.co/p5oiFhgNlk","Twitter Web App",https://www.twitter.com/olistbr/status/1182363469997363201
16,,olist,olistbr,https://www.twitter.com/olistbr,"ID: 1187094420325326848",2,0,0,,"2019-10-23 19:52:19","RT @gazetadopovo: Com aporte do SoftBank, marketplace Olist quer 15 vezes mais clientes até 2020 https://t.co/BuBTecjak7 (via @gpeconomia)","Twitter Web App",https://www.twitter.com/olistbr/status/1187094420325326848
17,,olist,olistbr,https://www.twitter.com/olistbr,"ID: 1247985372786819084",0,4,1,,"2020-04-08 20:31:13","Ficar em isolamento não precisa ser sinônimo de vendas paradas. E foi pensando nisso que preparamos o guia Economia da Quarentena. Confira o conteúdo COMPLETO e saiba como enfrentar os impactos do Covid-19: https://t.co/wmkfIU66ir","mLabs - Gestão de Redes Sociais",https://www.twitter.com/olistbr/status/1247985372786819084
18,,olist,olistbr,https://www.twitter.com/olistbr,"ID: 1250145344375214091",0,6,1,,"2020-04-14 19:34:11","Você é o nosso convidado a acessar o nosso novo portal e adquirir muito conteúdo relevante de qualidade. Vem ver como ficou! Acesse: https://t.co/Ntb41Lywio","mLabs - Gestão de Redes Sociais",https://www.twitter.com/olistbr/status/1250145344375214091
19,,olist,olistbr,https://www.twitter.com/olistbr,"ID: 1275882636955791361",0,0,2,,"2020-06-24 20:05:00","Olist Talks é um evento online e gratuito criado para ajudar quem deseja reinventar suas vendas.  O tema da semana é DIGITALIZAÇÃO. Se você tem dúvidas sobre o assunto, não pode perder! para acompanhar acesse: https://t.co/mkU9YesAnm https://t.co/ryXwu5qwrj","Twitter Web App",https://www.twitter.com/olistbr/status/1275882636955791361
20,,olist,olistbr,https://www.twitter.com/olistbr,"ID: 1275888531773296641",0,2,2,,"2020-06-24 20:28:25","O pequeno negócio precisa de ferramentas para alavancar suas vendas, e isso é o que motiva o olist. Acompanhe o #olisttalks pelo link: https://t.co/mkU9YesAnm","Twitter Web App",https://www.twitter.com/olistbr/status/1275888531773296641
21,,olist,olistbr,https://www.twitter.com/olistbr,"ID: 1276223943024750592",1,0,0,,"2020-06-25 18:41:13","RT @meioemensagem: A @olistbr apresentou Bruno Martins como seu chief technology officer. Executivo vai auxiliar no processo de expansão da…",TweetDeck,https://www.twitter.com/olistbr/status/1276223943024750592
22,,olist,olistbr,https://www.twitter.com/olistbr,"ID: 1278436517581553675",0,0,2,,"2020-07-01 21:13:12","Olist talks à toda hoje no YouTube! Não perca Tiago Dalvi e Flávio Dias daqui a pouquinho conversando sobre a ""Transformação digital e o futuro do varejo"" - Acesse agora mesmo e não perca! https://t.co/8gBhcj0UGS",TweetDeck,https://www.twitter.com/olistbr/status/1278436517581553675
23,,olist,olistbr,https://www.twitter.com/olistbr,"ID: 1278437522612379649",0,1,2,,"2020-07-01 21:17:12","Começou o keynote com Tiago Dalvi e Flávio Dias - Agora no YouTube! - Transformação digital e o futuro do varejohttps://t.co/8gBhcj0UGS https://t.co/H25S3T4jqH",TweetDeck,https://www.twitter.com/olistbr/status/1278437522612379649
24,,olist,olistbr,https://www.twitter.com/olistbr,"ID: 1278440368737042432",0,0,1,,"2020-07-01 21:28:30","Flávio Dias: Transformação começou já há algum tempo e agora a pandemia veio a catalizar o processo. #olisttalks #olist",TweetDeck,https://www.twitter.com/olistbr/status/1278440368737042432
25,,olist,olistbr,https://www.twitter.com/olistbr,"ID: 1278440873819344896",0,0,2,,"2020-07-01 21:30:31","Flávio Dias: Não existe uma receita, mas a grande empresa precisa passar por um processo de ser mais rápida e mais próxima do cliente. É preciso respirar isso e entender o que ele gosta e porque ele compra com você.#olisttalks #olist #ecommerce",TweetDeck,https://www.twitter.com/olistbr/status/1278440873819344896
26,,olist,olistbr,https://www.twitter.com/olistbr,"ID: 1278441226799374338",0,0,2,,"2020-07-01 21:31:55","Flávio Dias: As empresas precisam ser mais digitais, aceitar a nova dinâmica e aceitar o processo de adaptação e mudança. O que trouxe a empresa até aqui não é o que vai levar a empresa daqui pra frente.#olisttalks #olist #ecommerce",TweetDeck,https://www.twitter.com/olistbr/status/1278441226799374338
27,,olist,olistbr,https://www.twitter.com/olistbr,"ID: 1278442414173294599",0,0,2,,"2020-07-01 21:36:38","Flavio Dias: Lojas servindo como mini hubs é um diferencial. As lojas que conseguirem construir isso darão um grande passo para o sucesso.#olisttalks #olist #ecommerce",TweetDeck,https://www.twitter.com/olistbr/status/1278442414173294599
28,,olist,olistbr,https://www.twitter.com/olistbr,"ID: 1278442886149914624",0,0,2,,"2020-07-01 21:38:31","Tiago Dalvi: Cada vez mais os players menores podem fazer parte deste processo de transformação dos grandes players entrando nos marketplaces. Entrando hoje você já está atrasado. É preciso entrar o quanto antes.#olisttalks #olist #ecommerce",TweetDeck,https://www.twitter.com/olistbr/status/1278442886149914624
29,,olist,olistbr,https://www.twitter.com/olistbr,"ID: 1278443198118080513",0,0,2,,"2020-07-01 21:39:45","Flavio Dias: Querer fazer tudo dentro de casa ficou no passado. Cada dia que vc está fora é um dia que você está deixando de aprender e a construir como será seu negócio daqui pra frente.#olisttalks #olist #ecommerce",TweetDeck,https://www.twitter.com/olistbr/status/1278443198118080513
30,,olist,olistbr,https://www.twitter.com/olistbr,"ID: 1278443654340894721",0,0,1,,"2020-07-01 21:41:34","Flavio Dias: A hiper-personalização da jornada do cliente é algo em crescimento no ecommerce. É algo que a Amazon já faz há algum tempo. Este processo já extrapolou o site da loja inclusive.#olisttalks #olist #ecommerce",TweetDeck,https://www.twitter.com/olistbr/status/1278443654340894721
31,,olist,olistbr,https://www.twitter.com/olistbr,"ID: 1278444193808109568",0,0,2,,"2020-07-01 21:43:42","Tiago Dalvi: O passo mais simples para a digitalização é entender seu mercado, quem opera bem e a partir daí pode começar a pensar em dar o primeiro passo.#olisttalks #olist #ecommerce",TweetDeck,https://www.twitter.com/olistbr/status/1278444193808109568
32,,olist,olistbr,https://www.twitter.com/olistbr,"ID: 1278444498431991809",0,0,1,,"2020-07-01 21:44:55","Flavio Dias: Digitalização do negócio: Entender primeiro o que vc faz melhor do que os outros. Quais seus diferenciais. Entendendo isso, é achar os parceiros certos e colocar sua ideia de pé. #olisttalks #olist #ecommerce",TweetDeck,https://www.twitter.com/olistbr/status/1278444498431991809
33,,olist,olistbr,https://www.twitter.com/olistbr,"ID: 1278444688329113600",0,0,2,,"2020-07-01 21:45:40","Flavio Dias: Marketplaces já têm o tráfego adquirido e depois pode evoluir para ter seu próprio site. O importante é começar.#olisttalks #olist #ecommerce",TweetDeck,https://www.twitter.com/olistbr/status/1278444688329113600
34,,olist,olistbr,https://www.twitter.com/olistbr,"ID: 1278444988553199617",0,0,2,,"2020-07-01 21:46:52","Tiago Dalvi: O ecommerce deveria ser uma extensão da sua loja física. Não pode ser diferente. O mesmo cuidado que vc tem na sua loja física deveria estar também em sua operação online.#olisttalks #olist #ecommerce",TweetDeck,https://www.twitter.com/olistbr/status/1278444988553199617
35,,olist,olistbr,https://www.twitter.com/olistbr,"ID: 1278445427071778821",0,0,1,,"2020-07-01 21:48:36","Flavio Dias: Gatilhos para gerar conversão neste momento: e-mail marketing nunca foi um gatilho de conversão. Hoje dificilmente você consegue chegar a dois dígitos. Os grandes gatilhos são: efetividade em seus gastos, suas parcerias. #olisttalks #olist #ecommerce",TweetDeck,https://www.twitter.com/olistbr/status/1278445427071778821
36,,olist,olistbr,https://www.twitter.com/olistbr,"ID: 1278446146927673351",0,0,2,,"2020-07-01 21:51:28","Flavio Dias: Acesso orgânico e returning users são formas de chegar ao cliente, além de uma experiência fluida em seu site, com boas fotos e descrições. O ecommerce é a atração, a conversão e a recompra. Para cada uma delas existem técnicas. #olisttalks #olist #ecommerce",TweetDeck,https://www.twitter.com/olistbr/status/1278446146927673351
37,,olist,olistbr,https://www.twitter.com/olistbr,"ID: 1278446434380103680",0,0,2,,"2020-07-01 21:52:36","Tiago Dalvi: Não construa sua empresa com uma única fonte de liquidez. Não se limite a um único passo. Não construa seu negócio dependente de um único canal.#olisttalks #olist #ecommerce",TweetDeck,https://www.twitter.com/olistbr/status/1278446434380103680
38,,olist,olistbr,https://www.twitter.com/olistbr,"ID: 1278446879479660545",1,0,4,,"2020-07-01 21:54:23","Tiago Dalvi: https://t.co/bacLyvanzV é uma forma de montar sua vitrine virtual em 3 minutos e depois começar a vender para sua rede.#olisttalks #olist #ecommerce",TweetDeck,https://www.twitter.com/olistbr/status/1278446879479660545
39,,olist,olistbr,https://www.twitter.com/olistbr,"ID: 1278447530406273024",0,0,2,,"2020-07-01 21:56:58","Flavio Dias: O patamar das vendas online vai mudar drasticamente depois do que estamos vivendo agora. Isso não volta mais. Veremos um aumento da demanda e um share maior do digital. Não significa que o offline vá perder espaço.#olisttalks #olist #ecommerce",TweetDeck,https://www.twitter.com/olistbr/status/1278447530406273024
40,,olist,olistbr,https://www.twitter.com/olistbr,"ID: 1278447760518373376",0,0,2,,"2020-07-01 21:57:53","Flavio Dias: Se a venda é ""online ou offline"" vai perder a importância rapidamente.#olisttalks #olist #ecommerce",TweetDeck,https://www.twitter.com/olistbr/status/1278447760518373376
41,,olist,olistbr,https://www.twitter.com/olistbr,"ID: 1278448237033205762",0,0,1,,"2020-07-01 21:59:46","Flavio Dias: Muitos varejistas repõem seu estoque de acordo com o que acham que devem comprar e não com o uso de inteligência artificial.#olisttalks #olist #ecommerce #futurodoecommerce",TweetDeck,https://www.twitter.com/olistbr/status/1278448237033205762
42,,olist,olistbr,https://www.twitter.com/olistbr,"ID: 1278448663505887232",0,0,2,,"2020-07-01 22:01:28","Flavio Dias: Tudo o que se faz no varejo hoje é baseado em dados (data driven). todo mundo deveria estar preocupado com isso e faz diferença no negócio.#olisttalks #olist #ecommerce #futurodoecommerce",TweetDeck,https://www.twitter.com/olistbr/status/1278448663505887232
43,,olist,olistbr,https://www.twitter.com/olistbr,"ID: 1278448877704744960",0,0,0,,"2020-07-01 22:02:19","Tiago Dalvi: Todos serão impactados com as inovações, de uma forma ou de outra. Estamos vendo isso agora. A pandemia nos mostrou a necessidade de acelerar tudo isso.#olisttalks #olist #ecommerce #futurodoecommerce",TweetDeck,https://www.twitter.com/olistbr/status/1278448877704744960
44,,olist,olistbr,https://www.twitter.com/olistbr,"ID: 1278449333663383552",0,0,2,,"2020-07-01 22:04:08","Flavio Dias: No final das contas vc precisa ter uma mentalidade de ser inconformado de como as coisas são. Não importa errar. Erre rápido, erre barato, coloque a coisa para andar e não fique esperando alguém fazer pra vc.#olisttalks #olist #ecommerce #futurodoecommerce",TweetDeck,https://www.twitter.com/olistbr/status/1278449333663383552
45,,olist,olistbr,https://www.twitter.com/olistbr,"ID: 1278449618225856513",0,0,2,,"2020-07-01 22:05:16","Flavio Dias: Estamos vivendo uma época de ouro. Cabe a nós a ter a energia de aproveitar as oportunidades. Agora é botar na cabeça que nunca vamos parar de fazer diferente. O novo hoje amanhã já mudou e vai mudar novamente.#olisttalks #olist #ecommerce #futurodoecommerce",TweetDeck,https://www.twitter.com/olistbr/status/1278449618225856513
46,,olist,olistbr,https://www.twitter.com/olistbr,"ID: 1278449850602979330",0,0,2,,"2020-07-01 22:06:11","Flavio Dias: Faça e não descanse, e seja amanhã melhor do que você foi hoje. #olisttalks #olist #ecommerce #futurodoecommerce",TweetDeck,https://www.twitter.com/olistbr/status/1278449850602979330
47,,olist,olistbr,https://www.twitter.com/olistbr,"ID: 1278450059143774208",0,0,3,,"2020-07-01 22:07:01","Tiago Dalvi: Dá pra fazer, mas vamos precisar evoluir diariamente.#olisttalks #olist #ecommerce #futurodoecommerce",TweetDeck,https://www.twitter.com/olistbr/status/1278450059143774208
48,,olist,olistbr,https://www.twitter.com/olistbr,"ID: 1278450199757807619",0,2,4,,"2020-07-01 22:07:34","Próximo #olisttalks: Gestão Financeira! Até lá!#olisttalks #olist #ecommerce #futurodoecommerce",TweetDeck,https://www.twitter.com/olistbr/status/1278450199757807619
49,,olist,olistbr,https://www.twitter.com/olistbr,"ID: 1278687363905052672",1,0,4,,"2020-07-02 13:49:59","'O e-commerce vai voltar a ser sexy', diz Romero Rodrigues, sócio da Redpoint eventures. Avaliação interessantíssima sobre setores com oportunidades.#ecommerce #vender # vendermais #empreendedorismo#empreenderhttps://t.co/cNyhFtHFby",TweetDeck,https://www.twitter.com/olistbr/status/1278687363905052672
50,,olist,olistbr,https://www.twitter.com/olistbr,"ID: 1281590028494188544",1,3,5,,"2020-07-10 14:04:08","É hoje, pessoal! Não percam!",TweetDeck,https://www.twitter.com/olistbr/status/1281590028494188544
51,,olist,olistbr,https://www.twitter.com/olistbr,"ID: 1362495683715084294",2,1,3,,"2021-02-18 20:14:19","alou vc de tecnologia, queremos te conhecer!estão abertas as inscrições para a 2ª edição do olist tech start, o programa que contrata e forma jovens talentos de todo o país em programação Python. Vem ser Olister 🚀https://t.co/CqSJF6DvOU","Twitter Web App",https://www.twitter.com/olistbr/status/1362495683715084294
52,,olist,olistbr,https://www.twitter.com/olistbr,"ID: 1362762981394776068",0,0,1,,"2021-02-19 13:56:28",👀,"Twitter Web App",https://www.twitter.com/olistbr/status/1362762981394776068
53,,olist,olistbr,https://www.twitter.com/olistbr,"ID: 1362763213289439237",0,0,6,,"2021-02-19 13:57:23","Estamos muito orgulhosos em estar nessa lista #goolist2021🚀","Twitter Web App",https://www.twitter.com/olistbr/status/1362763213289439237
54,,olist,olistbr,https://www.twitter.com/olistbr,"ID: 1363949181858062336",0,0,3,,"2021-02-22 20:30:00","ainda dá tempo de turbinar suas vendas de verão!nesse webinar em parceria com o @alfredosoares_  reunimos dicas e estratégias para sua loja vender ainda mais na estação mais quente do ano, vem ver: https://t.co/BpY1ppGVM1","Twitter Web App",https://www.twitter.com/olistbr/status/1363949181858062336
55,,olist,olistbr,https://www.twitter.com/olistbr,"ID: 1364997830679519232",0,0,2,,"2021-02-25 17:56:57","vagassss, é ritmo de vagas! 🎉🚀temos vagas para atuar na frente de olist shops e queremos conhecer você! presente em mais 170 países nosso app já é sucesso e ajuda mais de 100 mil lojistas a começarem seu negócio online, vem! https://t.co/V61dW5KC42","Twitter Web App",https://www.twitter.com/olistbr/status/1364997830679519232
56,,olist,olistbr,https://www.twitter.com/olistbr,"ID: 1366458986434863110",0,1,2,,"2021-03-01 18:43:04","chuva de vagas \o/","Twitter Web App",https://www.twitter.com/olistbr/status/1366458986434863110
57,,olist,olistbr,https://www.twitter.com/olistbr,"ID: 1369663859716423680",0,6,3,,"2021-03-10 14:58:05","Mais uma parceria de sucesso para contribuir com o nosso propósito de empoderar o comércio no mundo 🚀🚀🚀","Twitter Web App",https://www.twitter.com/olistbr/status/1369663859716423680
58,,olist,olistbr,https://www.twitter.com/olistbr,"ID: 1371800623256059907",1,2,3,,"2021-03-16 12:28:50","Hj vai rolar #live às 17h no Instagram do @olistbr . Tiago Dalvi, CEO e fundador do Olist, e Babi Tonhela, sócia e CPO do @ecomnapratica, vão falar sobre os efeitos da #pandemia no #varejo e as mudanças no comportamento do consumidor ao longo desse 1 ano.","Twitter Web App",https://www.twitter.com/olistbr/status/1371800623256059907
59,,olist,olistbr,https://www.twitter.com/olistbr,"ID: 1382672581988339719",1,0,5,,"2021-04-15 12:30:07","#goOlist2021 🚀","Twitter Web App",https://www.twitter.com/olistbr/status/1382672581988339719
60,,olist,olistbr,https://www.twitter.com/olistbr,"ID: 1382672990513598466",4,0,0,,"2021-04-15 12:31:44","RT @Estadao: Startup Olist, de e-commerce, recebe ‘chorinho’ de R$ 144 mi em rodada de aporte https://t.co/jzjSPNVvBx -via @EstadaoLink htt…","Twitter Web App",https://www.twitter.com/olistbr/status/1382672990513598466
61,,olist,olistbr,https://www.twitter.com/olistbr,"ID: 1382673029600325637",3,0,0,,"2021-04-15 12:31:53","RT @BrazilJournal: STARTUPS. Goldman e Redpoint investem no olist, que já captou quase meio bi https://t.co/v6l9f5jAp1 https://t.co/N8sPF6i…","Twitter Web App",https://www.twitter.com/olistbr/status/1382673029600325637
62,,olist,olistbr,https://www.twitter.com/olistbr,"ID: 1382673130104221696",3,0,0,,"2021-04-15 12:32:17","RT @exame: Olist recebe aporte de Goldman Sachs e Redpoint em rodada de US$ 80 mi https://t.co/t3bWlwovbd","Twitter Web App",https://www.twitter.com/olistbr/status/1382673130104221696
63,,olist,olistbr,https://www.twitter.com/olistbr,"ID: 1382673210622275584",2,0,0,,"2021-04-15 12:32:36","RT @leiamoneytimes: Olist recebe aporte do Goldman Sachs e da Redpoint eventures https://t.co/3wIlxzte7S #Brasil #Empresas #GoldmanSachs #S…","Twitter Web App",https://www.twitter.com/olistbr/status/1382673210622275584
64,,olist,olistbr,https://www.twitter.com/olistbr,"ID: 1382676535396679684",1,0,7,,"2021-04-15 12:45:49","Recebemos um novo aporte liderado pelo @GoldmanSachs!Com certeza é um marco muito importante na história do Olist, que tem DNA de tecnologia e 💙 de varejo.#goOlist2021🚀","Twitter Web App",https://www.twitter.com/olistbr/status/1382676535396679684
65,,olist,olistbr,https://www.twitter.com/olistbr,"ID: 1382681532683464706",1,0,0,,"2021-04-15 13:05:41","RT @MatheusRiga: 💰&gt; @olistbr recebe aporte de US$ 23 milhões do @GoldmanSachs e da @redpointev, como uma nova etapa da sua série D, totaliz…","Twitter Web App",https://www.twitter.com/olistbr/status/1382681532683464706
66,,olist,olistbr,https://www.twitter.com/olistbr,"ID: 1382725303009693698",1,0,0,,"2021-04-15 15:59:36","RT @smuinvest: @startupi🚀🚀🚀  @olistbr   @GoldmanSachs https://t.co/T18N6eka0A","Twitter Web App",https://www.twitter.com/olistbr/status/1382725303009693698
67,,olist,olistbr,https://www.twitter.com/olistbr,"ID: 1382750061906563072",1,0,0,,"2021-04-15 17:37:59","RT @brazilstrat: The Brazilian #ecommerce platform @Olistbr has raised $23 million from @GoldmanSachs and #venturecapital fund @Redpointev.…","Twitter Web App",https://www.twitter.com/olistbr/status/1382750061906563072
68,,olist,olistbr,https://www.twitter.com/olistbr,"ID: 1383031475352838148",2,0,0,,"2021-04-16 12:16:13","RT @BayBrazil: Brazilian e-commerce marketplace @olistbr raised US$23M.The round led by @GoldmanSachs brings Olist Series D total to US$8…","Twitter Web App",https://www.twitter.com/olistbr/status/1383031475352838148
69,,olist,olistbr,https://www.twitter.com/olistbr,"ID: 1383032887914684419",0,4,2,,"2021-04-16 12:21:50","Comente os seus planos para o fim de semana e diremos se ele é de bom tom. O nosso é empoderar o comércio, com olisters espalhados pelo mundo inteiro.Vem ser um olister 💙 https://t.co/V61dW62dsC","Twitter Web App",https://www.twitter.com/olistbr/status/1383032887914684419
70,,olist,olistbr,https://www.twitter.com/olistbr,"ID: 1384182317954965504",1,0,0,,"2021-04-19 16:29:16","RT @LatamList: e-Commerce platform @Olistbr raises $23M Series D extension.https://t.co/TSARGrgO8J","Twitter Web App",https://www.twitter.com/olistbr/status/1384182317954965504
71,,olist,olistbr,https://www.twitter.com/olistbr,"ID: 1384182332857339916",1,0,0,,"2021-04-19 16:29:19","RT @romerorodrigues: O @olistbr, plataforma que auxilia pequenos lojistas a venderem na internet, concluiu sua série D com aporte de R$ 144…","Twitter Web App",https://www.twitter.com/olistbr/status/1384182332857339916
72,,olist,olistbr,https://www.twitter.com/olistbr,"ID: 1385309102063108101",1,0,0,,"2021-04-22 19:06:42","RT @startseoficial: Saiba por que a Goldman Sachs e a Redpoint eVentures investiram no @olistbr  https://t.co/M9FKU1usWT","Twitter Web App",https://www.twitter.com/olistbr/status/1385309102063108101
73,,olist,olistbr,https://www.twitter.com/olistbr,"ID: 1387392072584515586",1,1,4,,"2021-04-28 13:03:41","Aqui no Olist #SomosGenteDeVerdade e diariamente reforçamos o nosso compromisso com a diversidade.Nos manifestamos contra a PL 504/2020, Projeto de Lei que proíbe a divulgação de campanhas publicitárias que apresentem diversidade #LGBTQIA+ em seus conteúdos. https://t.co/ib5St6sJTh","Twitter Web App",https://www.twitter.com/olistbr/status/1387392072584515586
74,,olist,olistbr,https://www.twitter.com/olistbr,"ID: 1389254259611512833",0,0,1,,"2021-05-03 16:23:21","Boa tarde! Começando mais uma semana bem azul por aqui!","Twitter Web App",https://www.twitter.com/olistbr/status/1389254259611512833
75,,olist,olistbr,https://www.twitter.com/olistbr,"ID: 1392091508149522433",0,5,2,,"2021-05-11 12:17:34","Bom dia!Responda esse tweet com o emoji que representa a sua semana!Por aqui estamos assim:🥶","Twitter Web App",https://www.twitter.com/olistbr/status/1392091508149522433
76,,olist,olistbr,https://www.twitter.com/olistbr,"ID: 1394992681072345089",0,0,1,,"2021-05-19 12:25:47","Estamos com uma dúvida por aqui 🧐Você prefere:","Twitter Web App",https://www.twitter.com/olistbr/status/1394992681072345089
77,,olist,olistbr,https://www.twitter.com/olistbr,"ID: 1396133888951468041",0,0,2,,"2021-05-22 16:00:32","opa, que tal mandar um abraço virtual para alguém?:) https://t.co/XmOu0omb4U","mLabs - Gestão de Redes Sociais",https://www.twitter.com/olistbr/status/1396133888951468041
78,,olist,olistbr,https://www.twitter.com/olistbr,"ID: 1397284217155895303",0,0,1,,"2021-05-25 20:11:32","Hj nosso CEO Tiago Dalvi vai bater um papo com o prof. Pedro Tonhozi na @FGV_EAESP às 18h, no youtube deles :)","Twitter Web App",https://www.twitter.com/olistbr/status/1397284217155895303
79,,olist,olistbr,https://www.twitter.com/olistbr,"ID: 1402982975441018881",0,3,4,,"2021-06-10 13:36:22","Vocês sabiam? Essa semana chegamos a 1000 olisters💙🚀","Twitter Web App",https://www.twitter.com/olistbr/status/1402982975441018881
80,,olist,olistbr,https://www.twitter.com/olistbr,"ID: 1404424352536334341",1,0,0,,"2021-06-14 13:03:53","RT @marihallal: Hoje é aniversário do meu primo. Comprei um presente nas @CasasBahia/@olistbr e mandei entregar na casa dele. Abrimos junto…","Twitter Web App",https://www.twitter.com/olistbr/status/1404424352536334341
81,,olist,olistbr,https://www.twitter.com/olistbr,"ID: 1405642160712654850",1,0,2,,"2021-06-17 21:43:01","alô você mulher que quer aprender a programar, essa oportunidade é para você!","Twitter Web App",https://www.twitter.com/olistbr/status/1405642160712654850
82,,olist,olistbr,https://www.twitter.com/olistbr,"ID: 1408507443957616642",1,0,0,,"2021-06-25 19:28:38","RT @eCommerce_Br: Você quer vender DE VERDADE nos marketplaces? Então conheça o Olist Store, uma solução completa para a sua loja multiplic…","Twitter Web App",https://www.twitter.com/olistbr/status/1408507443957616642
83,,olist,olistbr,https://www.twitter.com/olistbr,"ID: 1415362186034262022",0,0,1,,"2021-07-14 17:26:55","Quer descobrir o que vender no dia dos pais? 💡Hoje às 18h você vai descobrirPara esse Papo de Varejo, a diretora de seller success do Olist, Aline Sanmartin, irá receber o especialista em e-commerce Bruno de Oliveira!É só acessar o link e aproveitar https://t.co/rF19WQ1Fh0 https://t.co/nYFiNSoeXM","Twitter Web App",https://www.twitter.com/olistbr/status/1415362186034262022
84,,olist,olistbr,https://www.twitter.com/olistbr,"ID: 1417558482606305285",0,0,0,,"2021-07-20 18:54:13","Boa tarde! É cupom que você quer @? 😉💙Pois, é cupom que você vai ter! Estamos disponibilizando cupons de R$15,00 no iFood por R$10,00!!Vai ficar de fora dessa? Clica aqui e aproveita 👇https://t.co/YPr0U77JZe","Twitter Web App",https://www.twitter.com/olistbr/status/1417558482606305285
85,,olist,olistbr,https://www.twitter.com/olistbr,"ID: 1417558548846891008",0,1,1,,"2021-07-20 18:54:29","A gente vendo os cupons do Ifood por R$10,00 lá no Mercado Livre! 👀 https://t.co/dwA9QBuGiw","Twitter Web App",https://www.twitter.com/olistbr/status/1417558548846891008
86,,olist,olistbr,https://www.twitter.com/olistbr,"ID: 1417558551053144067",0,0,1,,"2021-07-20 18:54:30","Clica aqui e aproveita 👇https://t.co/YPr0U77JZe","Twitter Web App",https://www.twitter.com/olistbr/status/1417558551053144067
87,,olist,olistbr,https://www.twitter.com/olistbr,"ID: 1418204173548474370",0,0,0,,"2021-07-22 13:39:58","Hey, você sabia que temos vídeos toda terça, quarta e quinta lá no Youtube?Não perca nenhum conteúdo! Já aproveita e se inscreve 👇https://t.co/5umaQXQqHf https://t.co/Q3k6pUi7Mm","Twitter Web App",https://www.twitter.com/olistbr/status/1418204173548474370
88,,olist,olistbr,https://www.twitter.com/olistbr,"ID: 1421116847043325952",0,1,0,,"2021-07-30 14:33:54","Sextou com S de...Socorro Elsa, dá uma segurada nos seus lerigou! 🥶 https://t.co/NuB6IjeTl5","Twitter Web App",https://www.twitter.com/olistbr/status/1421116847043325952
89,,olist,olistbr,https://www.twitter.com/olistbr,"ID: 1421116849685676032",0,0,0,,"2021-07-30 14:33:54","Você também está congelando por ai?","Twitter Web App",https://www.twitter.com/olistbr/status/1421116849685676032
90,,olist,olistbr,https://www.twitter.com/olistbr,"ID: 1421118049554423814",0,1,0,,"2021-07-30 14:38:40","Aproveitando essa onda de friaca, nós separamos um conteúdo bem bacana na nossa newsletter “café com olist ☕”Trouxemos várias dicas de como aquecer suas vendas e ajudar a queimar o seu estoque 🔥Então pega o cafézinho e confere tudo nesse link aqui: https://t.co/4iQrmmSHcS https://t.co/uG1LS1iSDr","Twitter Web App",https://www.twitter.com/olistbr/status/1421118049554423814
91,,olist,olistbr,https://www.twitter.com/olistbr,"ID: 1422207532563566594",0,0,0,,"2021-08-02 14:47:53","Segundou! Para começar essa semana bem, separamos um conteúdo incrível sobre as TOP 5 categorias para vender na Black Friday!Vai ficar de fora dessa? 🧐Confira no link 👇https://t.co/JbrPoKBosn","Twitter Web App",https://www.twitter.com/olistbr/status/1422207532563566594
92,,olist,olistbr,https://www.twitter.com/olistbr,"ID: 1422601570798157826",0,0,0,,"2021-08-03 16:53:39","Você sabe qual foi o crescimento de consumo na categoria beleza, perfumaria e saúde em 2021? 👀Responde aqui pra gente 👇","Twitter Web App",https://www.twitter.com/olistbr/status/1422601570798157826
93,,olist,olistbr,https://www.twitter.com/olistbr,"ID: 1423276122435903488",0,2,0,,"2021-08-05 13:34:05","E a resposta correta era....15,2%! 🚀Ficou curioso com todo esse sucesso?Temos um conteúdo perfeito para você se tornar um especialista nessa categoria: 👇https://t.co/tMXMEtPsBJ","Twitter Web App",https://www.twitter.com/olistbr/status/1423276122435903488
94,,olist,olistbr,https://www.twitter.com/olistbr,"ID: 1424796332523495426",0,1,0,,"2021-08-09 18:14:51","2. Entender qual modo de coleta você está operando (diária ou sob demanda). 📦3. Quais pacotes precisa deixar pronto antes do motorista chegar. 📦4. Se a coleta for realizada, quantos pacotes o motorista levou e quantos ele não expediu. 📦+","Twitter Web App",https://www.twitter.com/olistbr/status/1424796332523495426
95,,olist,olistbr,https://www.twitter.com/olistbr,"ID: 1424796331063787521",0,1,0,,"2021-08-09 18:14:51","🚚 Caminhão da novidade passando na sua tl 🚚  Tenho coleta hoje? Quais pacotes preciso preparar?📦Agora na opção ""preparar envio"", você lojista pode consultar:1. Se terá coleta hoje e qual status da coleta.+","Twitter Web App",https://www.twitter.com/olistbr/status/1424796331063787521
96,,olist,olistbr,https://www.twitter.com/olistbr,"ID: 1424796333962108929",0,0,0,,"2021-08-09 18:14:52","Quer saber como melhorar a sua operação de coleta em nossa plataforma?Não deixe de conferir tudo isso no link: https://t.co/Jy9Iqg1g1n","Twitter Web App",https://www.twitter.com/olistbr/status/1424796333962108929
97,,olist,olistbr,https://www.twitter.com/olistbr,"ID: 1425092693584224265",0,0,0,,"2021-08-10 13:52:29","🚨 Atenção 🚨Tivemos uma instabilidade em nossa plataforma nesta manhã.A plataforma está com lentidão ainda, mas já voltou a funcionar! Os serviços estão normalizando.","Twitter Web App",https://www.twitter.com/olistbr/status/1425092693584224265
98,,olist,olistbr,https://www.twitter.com/olistbr,"ID: 1425473720492171270",0,0,0,,"2021-08-11 15:06:33","Já ouviu falar sobre o marketing sazonal, mas não entende como essa estratégia funciona? 👀Lá no nosso blog tem um conteúdo perfeito para você aprender e melhorar ainda mais suas estratégias!Confira no link:👇https://t.co/Im0ZAI0iPA#olistblog https://t.co/WR7izNhtG4","Twitter Web App",https://www.twitter.com/olistbr/status/1425473720492171270
99,,olist,olistbr,https://www.twitter.com/olistbr,"ID: 1426217518339874823",0,0,0,,"2021-08-13 16:22:08","Acompanhar as tendências  é sempre bom... mas e como ficam os dados?🤯Pega o cafézinho ☕️ que nós vamos trazer os principais dados, insights e tendências do varejo digital no primeiro semestre de 2021!Confere aqui 👇https://t.co/4iQrmmSHcS https://t.co/Ghai4fbDTS","Twitter Web App",https://www.twitter.com/olistbr/status/1426217518339874823
100,,olist,olistbr,https://www.twitter.com/olistbr,"ID: 1427338957906448393",0,2,0,,"2021-08-16 18:38:20","A ideia de planejar a coleta, o estoque, e a retirada parece complicada e só de pensar, dá uma canseira! 😪Não é mesmo? Então que tal aproveitar um serviço de logística inteligente? Segue o fio 👇 https://t.co/SWT9D8vkx4","Twitter Web App",https://www.twitter.com/olistbr/status/1427338957906448393
101,,olist,olistbr,https://www.twitter.com/olistbr,"ID: 1427338961350008834",0,0,0,,"2021-08-16 18:38:21","Gostou? Conheça mais em: https://t.co/QC3r3tJJKW","Twitter Web App",https://www.twitter.com/olistbr/status/1427338961350008834
102,,olist,olistbr,https://www.twitter.com/olistbr,"ID: 1427338959726723077",0,1,1,,"2021-08-16 18:38:21","Hoje viemos aqui simplificar a coleta para vocês com o olist pax! 🚚📦1. Envios e coletas em níveis: nacionais, estaduais e municipais!2. Armazanegem: fullfillment para e-commerce e cross-docking e reembalagem.3. Sistema de gestão: Para transportadoras e lojistas!+","Twitter Web App",https://www.twitter.com/olistbr/status/1427338959726723077
103,,olist,olistbr,https://www.twitter.com/olistbr,"ID: 1427711201220431873",0,1,2,,"2021-08-17 19:17:30","Os TOP 50 eletrodomésticos mais vendidos na internet! 🤑A gente não vive sem um eletrodoméstico né? São praticamente super-heróis da nossa rotina, pensando nisso, criamos essa lista para você vender muito!Confere no link: https://t.co/8CJ63zoDXq https://t.co/mTtO1d3kBG","Twitter Web App",https://www.twitter.com/olistbr/status/1427711201220431873
104,,olist,olistbr,https://www.twitter.com/olistbr,"ID: 1427711203346898945",0,0,0,,"2021-08-17 19:17:31","💬 Tem alguém aí que arrisca dizer quais produtos estão nessa lista? Aproveita e deixa aqui seu palpite 👇","Twitter Web App",https://www.twitter.com/olistbr/status/1427711203346898945
105,,olist,olistbr,https://www.twitter.com/olistbr,"ID: 1429794539259244555",2,0,0,,"2021-08-23 13:15:57","RT @exame: 25 eventos online para empreendedores que acontecem nesta semana https://t.co/s24XdffQEe","Twitter Web App",https://www.twitter.com/olistbr/status/1429794539259244555
106,,olist,olistbr,https://www.twitter.com/olistbr,"ID: 1430612260532199433",1,0,0,,"2021-08-25 19:25:17","RT @eCommerce_Br: A diferença entre uma empresa pequena e uma  enterprise está na capacidade de execução e no foco. Javier Yera da Olist.…","Twitter Web App",https://www.twitter.com/olistbr/status/1430612260532199433
107,,olist,olistbr,https://www.twitter.com/olistbr,"ID: 1430951102128742403",0,1,1,,"2021-08-26 17:51:43","Hoje temos uma pergunta aqui para você...Você já sabe o que é buybox? Não?Então segue o fio 🧶 https://t.co/LS8kMaRwXr","Twitter Web App",https://www.twitter.com/olistbr/status/1430951102128742403
108,,olist,olistbr,https://www.twitter.com/olistbr,"ID: 1430951104293085189",0,1,0,,"2021-08-26 17:51:43","O buybox é uma ferramenta que alguns marketplaces utilizam para destacar o anúncio que possui maior potencial de vendas de acordo com alguns critérios.Que são: 👉 menor prazo de entrega👉 quantidade de estoque👉 melhor reputação👉 melhor preço de venda👉 valor de frete","Twitter Web App",https://www.twitter.com/olistbr/status/1430951104293085189
109,,olist,olistbr,https://www.twitter.com/olistbr,"ID: 1430951105899466753",0,1,0,,"2021-08-26 17:51:44","Funciona assim: os marketplaces apresentam, em uma mesma página, vários lojistas que vendem o mesmo produto.Mas, só um lojista e apenas seu anúncio irá ganhar o destaque.  +","Twitter Web App",https://www.twitter.com/olistbr/status/1430951105899466753
110,,olist,olistbr,https://www.twitter.com/olistbr,"ID: 1430951115256909825",0,0,0,,"2021-08-26 17:51:46","Quando um consumidor pesquisa o item desejado na busca, uma lista de vários vendedores que comercializam o mesmo produto é apresentada.Um deles fica em uma “caixa” de destaque ganhando maior visibilidade e mais oportunidades de conversão em venda. https://t.co/niVRy2XgSD","Twitter Web App",https://www.twitter.com/olistbr/status/1430951115256909825
111,,olist,olistbr,https://www.twitter.com/olistbr,"ID: 1432714341695041537",0,1,0,,"2021-08-31 14:38:12","Ontem foi o dia do lojista! E criamos um quiz super bacana para você descobrir que tipo de lojista você é!Você pode conferir o teste no nosso instagram em https://t.co/vhTwYVK3jH https://t.co/JTetUqBsRB","Twitter Web App",https://www.twitter.com/olistbr/status/1432714341695041537
112,,olist,olistbr,https://www.twitter.com/olistbr,"ID: 1433890470921445381",0,1,0,,"2021-09-03 20:31:43","A best friday está chegando... mas, você já está se preparando? Pega o cafézinho ☕️ que nós separamos os principais conteúdos para você disparar em vendas na best friday!Confere aqui 👇https://t.co/4iQrmmSHcS https://t.co/tPW3FRuQ6a","Twitter Web App",https://www.twitter.com/olistbr/status/1433890470921445381
113,,olist,olistbr,https://www.twitter.com/olistbr,"ID: 1436391435046109186",0,1,0,,"2021-09-10 18:09:39","E as compras no varejo físico... Já voltaram?Pega o cafézinho ☕️ que nós vamos trazer várias respostas sobre como ficarão os lojistas físicos nos próximos meses!Confere aqui 👇https://t.co/4iQrmmSHcS https://t.co/TF8xQsxaLK","Twitter Web App",https://www.twitter.com/olistbr/status/1436391435046109186
114,,olist,olistbr,https://www.twitter.com/olistbr,"ID: 1437479862265159686",3,0,0,,"2021-09-13 18:14:40","RT @mentebinaria: O @olistbr está revolucionando as vendas online no Brasil. O Mente Binária está revolucionando o jeito de estudar computa…","Twitter Web App",https://www.twitter.com/olistbr/status/1437479862265159686
115,,olist,olistbr,https://www.twitter.com/olistbr,"ID: 1437480142129991692",0,1,1,,"2021-09-13 18:15:47","🚀 A best friday do Olist não é apenas um dia, mas sim um grande movimento.Uma energia que impulsiona os objetivos dos lojistas, as necessidades dos clientes e a transformação do comércio.Confira agora em: https://t.co/YdZgVE9zTZ","Twitter Web App",https://www.twitter.com/olistbr/status/1437480142129991692
116,,olist,olistbr,https://www.twitter.com/olistbr,"ID: 1437480446368047120",0,1,0,,"2021-09-13 18:17:00","O que é isso? Cupom de desconto no ifood? É isto mesmo!! Hoje você consegue comprar cupons de R$15,00 por apenas R$10,00 na nossa loja oficial do Mercado Livre! https://t.co/YPr0U77JZe","Twitter Web App",https://www.twitter.com/olistbr/status/1437480446368047120
117,,olist,olistbr,https://www.twitter.com/olistbr,"ID: 1438548517358907399",1,0,0,,"2021-09-16 17:01:08","RT @RemotarJobs: Vaga remota para Front-end Developer na @olistbr https://t.co/LCdGYl6qBT","Twitter Web App",https://www.twitter.com/olistbr/status/1438548517358907399
118,,olist,olistbr,https://www.twitter.com/olistbr,"ID: 1440045217936146441",0,2,1,,"2021-09-20 20:08:29","Quer saber das novidades da nossa plataforma em primeira mão? 🚀Agora você pode!No nosso canal do telegram, temos atualizações segunda, quarta e sexta-feira para manter você lojista informado!https://t.co/WFUFzjAaUn","Twitter Web App",https://www.twitter.com/olistbr/status/1440045217936146441
119,,olist,olistbr,https://www.twitter.com/olistbr,"ID: 1441461618999767044",0,1,0,,"2021-09-24 17:56:45","Se organizar para a best friday não é uma tarefa fácil! Por isso, nossos especialistas separaram um presente 🎁 para que você lojista possa se destacar nesse período.Confere aqui 👇https://t.co/4iQrmmSHcS https://t.co/dB23DRJlAx","Twitter Web App",https://www.twitter.com/olistbr/status/1441461618999767044
120,,olist,olistbr,https://www.twitter.com/olistbr,"ID: 1444045362365353986",0,0,2,,"2021-10-01 21:03:38","Cupom de desconto no ifood? TemosHoje você consegue comprar cupons de R$15,00 por apenas R$12,00 na nossa loja oficial do Mercado Livre!https://t.co/HjK1zjzrEL","Twitter Web App",https://www.twitter.com/olistbr/status/1444045362365353986
121,,olist,olistbr,https://www.twitter.com/olistbr,"ID: 1446197921226055691",1,0,0,,"2021-10-07 19:37:08","RT @MulheresProduto: Alguém pediu podcast?Pois temos #podcast!Em nosso novo episódio, em parceria com a @olistbr, você fica sabendo tudo…","Twitter Web App",https://www.twitter.com/olistbr/status/1446197921226055691
122,,olist,olistbr,https://www.twitter.com/olistbr,"ID: 1446200611221954565",0,1,2,,"2021-10-07 19:47:49","Hoje separamos 3 dicas importantes para você preparar sua logística na best friday!Segue o fio 🧶 https://t.co/PfjQnbJyGk","Twitter Web App",https://www.twitter.com/olistbr/status/1446200611221954565
123,,olist,olistbr,https://www.twitter.com/olistbr,"ID: 1446200629039452163",0,1,1,,"2021-10-07 19:47:53","mantenha seus estoques atualizados. 📦com todas as informações claras, como a quantidade de produtos disponíveis, será possível tomar ações diretas para reabastecimento, venda e promoção. https://t.co/SigeE7ctaZ","Twitter Web App",https://www.twitter.com/olistbr/status/1446200629039452163
124,,olist,olistbr,https://www.twitter.com/olistbr,"ID: 1446200647091642372",0,1,1,,"2021-10-07 19:47:58","monte um cronograma interno. 🗓️defina responsáveis para cada tarefa, assim você ganha tempo e qualidade de produção. montar um organograma de cargo, especialização e nível de conhecimento te colocará a frente de concorrentes. https://t.co/UHchvKyzWy","Twitter Web App",https://www.twitter.com/olistbr/status/1446200647091642372
125,,olist,olistbr,https://www.twitter.com/olistbr,"ID: 1446200667773808646",0,1,2,,"2021-10-07 19:48:02","e por último, mas não menos importante!terceirize sua logística! 🚚você cuida do seu negócio, nós cuidamos da sua entrega. nossa especialização em entregas expressas vai permitir que você ganhe agilidade, segurança e poder de distribuição. https://t.co/4INye6YwvA","Twitter Web App",https://www.twitter.com/olistbr/status/1446200667773808646
126,,olist,olistbr,https://www.twitter.com/olistbr,"ID: 1446200673239027713",0,0,1,,"2021-10-07 19:48:04","Gostou dessas dicas?Então, não deixe de conferir estas e muito mais em nosso perfil do instagram! 😉💙https://t.co/vhTwYVK3jH","Twitter Web App",https://www.twitter.com/olistbr/status/1446200673239027713
127,,olist,olistbr,https://www.twitter.com/olistbr,"ID: 1446558994512945157",0,0,0,,"2021-10-08 19:31:54","O fim do ano brilha os olhos do lojistas! E por aqui não é diferente! 😉Nossos especialistas separaram vários dados e insights para você preparar seu negócio para essas datas! Pega o cafézinho ☕️ e não deixe de conferir no link abaixo 👇https://t.co/4iQrmmSHcS https://t.co/MQfpbMAEEe","Twitter Web App",https://www.twitter.com/olistbr/status/1446558994512945157
128,,olist,olistbr,https://www.twitter.com/olistbr,"ID: 1450188806527803392",1,0,0,,"2021-10-18 19:55:29","RT @programaria: O Olist é o mais novo parceiro no movimento por #MaisDiversidadeNaTecnologia!E na quinta-feira, 28/10 às 19h, vamos promo…","Twitter Web App",https://www.twitter.com/olistbr/status/1450188806527803392
129,,olist,olistbr,https://www.twitter.com/olistbr,"ID: 1450189011893596160",1,0,0,,"2021-10-18 19:56:18","RT @programaria: Vocês amam mimos, né?💙E por essa razão que nós sempre presenteamos vocês, menines! Saca só os itens dos kits que vão rolar…","Twitter Web App",https://www.twitter.com/olistbr/status/1450189011893596160
130,,olist,olistbr,https://www.twitter.com/olistbr,"ID: 1450189363313315843",1,0,0,,"2021-10-18 19:57:42","RT @MoneyInforme: Marketplaces dos marketplaces, Olist aposta nos pequenos, https://t.co/HNy9sBsIiJ https://t.co/nympN2ML8F","Twitter Web App",https://www.twitter.com/olistbr/status/1450189363313315843
131,,olist,olistbr,https://www.twitter.com/olistbr,"ID: 1451615034195562496",0,0,0,,"2021-10-22 18:22:48","O Mercado Livre é simplesmente o maior site de vendas do Brasil e hoje você vai aprender como vender seus produtos no canal, aumentar suas vendas e muito mais!Pega o cafézinho ☕️ e não deixe de conferir no link abaixo 👇https://t.co/gBD5oGNRwV… https://t.co/CV2PZL8oW6","Twitter for iPhone",https://www.twitter.com/olistbr/status/1451615034195562496
132,,olist,olistbr,https://www.twitter.com/olistbr,"ID: 1453431604517523460",0,7,1,,"2021-10-27 18:41:12","Faltam apenas 30 dias para a best friday!Juntos, lojistas, olist e consumidores, somos um só time. E juntos, fazemos acontecer a melhor sexta-feira do ano!A best friday vem aí! E vai ser boa pra todo mundo!#olist #olistbf #bf #bestfriday #goolist #ecommerce https://t.co/8m7e6wKQck","Twitter Web App",https://www.twitter.com/olistbr/status/1453431604517523460
133,,olist,olistbr,https://www.twitter.com/olistbr,"ID: 1454046613157171202",0,0,0,,"2021-10-29 11:25:02","Hoje é um dia importante para a história do olist. Damos boas-vindas à @Tiny e @Vnda, que chegam ao time para reforçar ainda mais nosso propósito de empoderar o comércio e fortalecer o mercado de e-commerce no Brasil.Sejam bem-vindas! 🚀🚀🚀 https://t.co/TgLLbIwVON","mLabs - Gestão de Redes Sociais",https://www.twitter.com/olistbr/status/1454046613157171202
134,,olist,olistbr,https://www.twitter.com/olistbr,"ID: 1454051711304278016",3,0,0,,"2021-10-29 11:45:17","RT @exame: E-commerce bombando: Olist compra Tiny e Vnda para dominar varejo digital https://t.co/091Z7QDZrk","Twitter Web App",https://www.twitter.com/olistbr/status/1454051711304278016
135,,olist,olistbr,https://www.twitter.com/olistbr,"ID: 1454069525687713799",2,0,0,,"2021-10-29 12:56:04","RT @ElinedePaula: @programaria , amando o encontro com a @olistbr","Twitter Web App",https://www.twitter.com/olistbr/status/1454069525687713799
136,,olist,olistbr,https://www.twitter.com/olistbr,"ID: 1454069866621767685",1,1,2,,"2021-10-29 12:57:26","Hoje é um dia especial para nossa história – anunciamos a aquisição da Tiny e Vnda que chegam ao time para reforçar ainda mais nosso propósito de empoderar o comércio e fortalecer o mercado de e-commerce no Brasil.Somos @olistbr &amp; @tinyerp  &amp; V-nda💙🚀","Twitter Web App",https://www.twitter.com/olistbr/status/1454069866621767685
137,,olist,olistbr,https://www.twitter.com/olistbr,"ID: 1454107768894468106",1,1,3,,"2021-10-29 15:28:02","Se juntas já causam, imagina juntas! Olist + Tiny ERP + Vnda! 🚀","Twitter Web App",https://www.twitter.com/olistbr/status/1454107768894468106
138,,olist,olistbr,https://www.twitter.com/olistbr,"ID: 1454185305767088129",1,0,0,,"2021-10-29 20:36:09","RT @erlichman: Após aporte do Softbank, Olist vai às compras e conclui quatro aquisições em 12 meses https://t.co/WTlKvBJQf2","Twitter Web App",https://www.twitter.com/olistbr/status/1454185305767088129
139,,olist,olistbr,https://www.twitter.com/olistbr,"ID: 1454185370619367424",1,0,0,,"2021-10-29 20:36:24","RT @mateada_oficial: Olist compra Tiny e Vnda, amplia ecossistema de e-commerce e fecha 4 aquisições em 1 ano https://t.co/iSdIb8YOHr","Twitter Web App",https://www.twitter.com/olistbr/status/1454185370619367424
140,,olist,olistbr,https://www.twitter.com/olistbr,"ID: 1455881207707754497",1,0,0,,"2021-11-03 12:55:03","RT @erlichman: #Olist vem forte e anuncia compra da #TinyERP e #Vnda  https://t.co/5JGxSPKPcB","Twitter Web App",https://www.twitter.com/olistbr/status/1455881207707754497
141,,olist,olistbr,https://www.twitter.com/olistbr,"ID: 1455882258901045248",1,0,0,,"2021-11-03 12:59:14","RT @feedynewsBR: Olist compra duas startups do RS para ampliar serviços a empresas https://t.co/WLw1ZAKi0Z | Siga @feedynewsBR","Twitter Web App",https://www.twitter.com/olistbr/status/1455882258901045248
142,,olist,olistbr,https://www.twitter.com/olistbr,"ID: 1456717500683587590",0,2,0,,"2021-11-05 20:18:11","Hoje temos muitos dados do e-commerce brasileiro para compartilhar com você! 📊Crescimento dos últimos meses, categorias com destaque, ranking dos maiores sites do e-commerce e muito mais!Pega o cafézinho ☕️ e não deixe de conferir no link abaixo 👇https://t.co/4iQrmmSHcS https://t.co/sr24HNnfnI","Twitter Web App",https://www.twitter.com/olistbr/status/1456717500683587590
143,,olist,olistbr,https://www.twitter.com/olistbr,"ID: 1464244152049225732",0,4,0,,"2021-11-26 14:46:24","🚀 A best friday chegou e as ofertas também!Durante o dia iremos disponibilizar as melhores ofertas do olist para você economizar muito!Nintendo Switch por R$1779,90 à vista!!! 🤑https://t.co/W41bGMVtzd #olist #bestfriday","Twitter Web App",https://www.twitter.com/olistbr/status/1464244152049225732
144,,olist,olistbr,https://www.twitter.com/olistbr,"ID: 1464268517037981716",0,1,0,,"2021-11-26 16:23:13","#oferta passando!! 🎊Desconto de 15% no conjunto de panelas de cerâmica!! https://t.co/cO73jZVCjH#desconto","Twitter Web App",https://www.twitter.com/olistbr/status/1464268517037981716
145,,olist,olistbr,https://www.twitter.com/olistbr,"ID: 1464282153458536469",0,1,0,,"2021-11-26 17:17:25","E não para! Mais uma #oferta exclusiva aqui para vocês!Conjunto de Teclado e Mouse sem fio!! https://t.co/TlvgoNBnju","Twitter for iPhone",https://www.twitter.com/olistbr/status/1464282153458536469
146,,olist,olistbr,https://www.twitter.com/olistbr,"ID: 1464302834225229825",0,1,0,,"2021-11-26 18:39:35","Continuamos a todo vapor por aqui! 🚀Confira o Kit Wella com 10% de desconto! https://t.co/B6ItaZ5bAI#oferta #ofertadodia #blackfriday #bestfriday #desconto","Twitter Web App",https://www.twitter.com/olistbr/status/1464302834225229825
147,,olist,olistbr,https://www.twitter.com/olistbr,"ID: 1464325546742067205",0,1,0,,"2021-11-26 20:09:50","Atenção gamers de plantão! 🎮Fonte Gamer Nyper 500w com o melhor preço do mercado!https://t.co/4CZwJV6Qii#ofertas #desconto #promoção #blackfriday https://t.co/8eKs3aNZqK","Twitter Web App",https://www.twitter.com/olistbr/status/1464325546742067205
148,,olist,olistbr,https://www.twitter.com/olistbr,"ID: 1464334782817611776",0,2,0,,"2021-11-26 20:46:32","Placa de vídeo no precinho 🤑🤑🎮Compre agora mesmo!! https://t.co/3zuzqTa1NI#desconto #oferta #promoção #blackfriday","Twitter Web App",https://www.twitter.com/olistbr/status/1464334782817611776
149,,olist,olistbr,https://www.twitter.com/olistbr,"ID: 1469291557018906631",0,1,2,,"2021-12-10 13:02:59","O olist camp está cheio de lenha na fogueira 🔥","Twitter Web App",https://www.twitter.com/olistbr/status/1469291557018906631
150,,olist,olistbr,https://www.twitter.com/olistbr,"ID: 1470368741477212164",0,2,3,,"2021-12-13 12:23:20","Faltam apenas 12 dias para o Natal!E quando o assunto é Natal, a gente sabe que as vendas tendem a disparar né? Confere as dicas que separamos para você vender muito! 🎁🚀 https://t.co/WKyJbUbKDv","Twitter Web App",https://www.twitter.com/olistbr/status/1470368741477212164
151,,olist,olistbr,https://www.twitter.com/olistbr,"ID: 1470368744446869512",0,1,0,,"2021-12-13 12:23:21","promoções, promoções e mais promoções 🎊• crie oportunidade de descontos para os seus clientes!• tenha maior interação com os clientes nesse período!","Twitter Web App",https://www.twitter.com/olistbr/status/1470368744446869512
152,,olist,olistbr,https://www.twitter.com/olistbr,"ID: 1470368746946633733",0,1,0,,"2021-12-13 12:23:22","aumente o investimento em marketing 📈• use ferramentas de SEO* e fortaleça sua marca!*SEO: Search Engine Optimization (otimização para mecanismos de busca). É um conjunto de técnicas de otimização para sites, blogs e páginas na web.","Twitter Web App",https://www.twitter.com/olistbr/status/1470368746946633733
153,,olist,olistbr,https://www.twitter.com/olistbr,"ID: 1470368750092304386",0,1,0,,"2021-12-13 12:23:22","faça mudanças no layout da sua página 💻📱• deixe seu site com cara a do Natal 🎅• não esqueça das redes sociais ⚠️muita atenção com o uso de imagens pesadas para não prejudicar a navegação do seu site!","Twitter Web App",https://www.twitter.com/olistbr/status/1470368750092304386
154,,olist,olistbr,https://www.twitter.com/olistbr,"ID: 1470368753972137994",0,1,0,,"2021-12-13 12:23:23","otimize sua logística 🚚• opte pelo uso de serviços de logística confiáveis e garanta suas entregas!⚠️fique atento para cumprir o prazo de entrega combinado com o seu cliente","Twitter Web App",https://www.twitter.com/olistbr/status/1470368753972137994
155,,olist,olistbr,https://www.twitter.com/olistbr,"ID: 1470368757184966663",0,0,1,,"2021-12-13 12:23:24","anúncie nos marketplaces! • esteja aonde seus clientes estão!• marque presença em vários canais de compras!","Twitter Web App",https://www.twitter.com/olistbr/status/1470368757184966663
156,,olist,olistbr,https://www.twitter.com/olistbr,"ID: 1471170703756079108",0,5,0,,"2021-12-15 17:30:03","Quer aproveitar o Natal para terminar o ano com as vendas bombando? 👀Separamos um presente incrível para você lojista! 🎁 https://t.co/uJ5J8PqhnQ","Twitter Web App",https://www.twitter.com/olistbr/status/1471170703756079108
157,,olist,olistbr,https://www.twitter.com/olistbr,"ID: 1471170707421810688",0,1,0,,"2021-12-15 17:30:04","Confira a lista com os 415 produtos que mais vão vender no Natal! 🎅Baixe agora mesmo no link 👇https://t.co/6JcnW8elvX","Twitter Web App",https://www.twitter.com/olistbr/status/1471170707421810688
158,,olist,olistbr,https://www.twitter.com/olistbr,"ID: 1471462138812280841",0,2,3,,"2021-12-16 12:48:06",🦄💙,"Twitter Web App",https://www.twitter.com/olistbr/status/1471462138812280841
159,,olist,olistbr,https://www.twitter.com/olistbr,"ID: 1475563236745482243",0,0,0,,"2021-12-27 20:24:24","Esses são os principais benefícios de vender no WhatsApp:✅ Gera proximidade com clientes ✅ Permite personalização das mensagens ✅ Contempla conteúdos multimídias ✅ Está disponível nos principais sistemas operacionais É fácil de usar ✅ É gratuito","Twitter Web App",https://www.twitter.com/olistbr/status/1475563236745482243
160,,olist,olistbr,https://www.twitter.com/olistbr,"ID: 1475564212655366145",0,5,3,,"2021-12-27 20:28:17","Se você trabalha com vendas, provavelmente já ouviu isso de algum cliente. não é para menos: o app é o mais usado no Brasil e se tornou um excelente canal pra fazer negócios.Mas só ter uma conta de WhatsApp não garante vendas.Segue o fio para saber mais 🧶 https://t.co/x9aOkqxaVw","Twitter Web App",https://www.twitter.com/olistbr/status/1475564212655366145
161,,olist,olistbr,https://www.twitter.com/olistbr,"ID: 1475564217474424833",0,1,0,,"2021-12-27 20:28:18","Esses são os principais benefícios de vender no WhatsApp:✅Gera proximidade com clientes ✅Permite personalização das mensagens ✅Contempla conteúdos multimídias ✅Está disponível nos principais sistemas operacionais✅ É fácil de usar ✅ É gratuito","Twitter Web App",https://www.twitter.com/olistbr/status/1475564217474424833
162,,olist,olistbr,https://www.twitter.com/olistbr,"ID: 1475564232724959238",0,1,0,,"2021-12-27 20:28:22","Você sabia que mais de 99% dos celulares do Brasil possuem WhatsApp instalado?Não!?🤔Então, não perca essa oportunidade…🤑💰 https://t.co/7ML7erphro","Twitter Web App",https://www.twitter.com/olistbr/status/1475564232724959238
163,,olist,olistbr,https://www.twitter.com/olistbr,"ID: 1475564242552377344",0,0,0,,"2021-12-27 20:28:24","Confira o nosso e-book sobre ""como vender pelo WhatsApp"" Nesse link aqui 👇https://t.co/zH0vRbUezR https://t.co/i5gAomBAsB","Twitter Web App",https://www.twitter.com/olistbr/status/1475564242552377344
164,,olist,olistbr,https://www.twitter.com/olistbr,"ID: 1476172985321021441",1,0,0,,"2021-12-29 12:47:20","RT @RemotarJobs: Vaga remota para Front-end Developer na @olistbr https://t.co/aZB5zF5dzx","Twitter Web App",https://www.twitter.com/olistbr/status/1476172985321021441
165,,olist,olistbr,https://www.twitter.com/olistbr,"ID: 1478071136877428755",0,4,4,,"2022-01-03 18:29:54","Comece 2022 com as vendas em alta! 🚀O Calendário do E-commerce do Olist reúne as datas mais importantes para o varejo e para categorias de nicho e traz dicas de especialistas em e-commerce.Baixe grátis! 👇https://t.co/BySWaU6r33 https://t.co/0kHnwTsukK","Twitter Web App",https://www.twitter.com/olistbr/status/1478071136877428755
166,,olist,olistbr,https://www.twitter.com/olistbr,"ID: 1486320069739225089",0,1,2,,"2022-01-26 12:48:13","Por aqui somos gente de verdade, e recebemos nossos olisters desde o 1º dia como um só time! Seja bem-vindo Gus! 🚀😉","Twitter Web App",https://www.twitter.com/olistbr/status/1486320069739225089
167,,olist,olistbr,https://www.twitter.com/olistbr,"ID: 1487061053846560770",0,2,2,,"2022-01-28 13:52:38","Não vamos ficar fora dessa!Aqui vão 5 curiosidades sobre o olist: 🚀1. Nascemos na capital paranaense em 2007 como uma loja de shopping, chamada Solidarium! 2. Estamos presentes em mais de 15 marketplaces3. Nossa vertical de logística já atende mais de 400 cidades","Twitter Web App",https://www.twitter.com/olistbr/status/1487061053846560770
168,,olist,olistbr,https://www.twitter.com/olistbr,"ID: 1487061060079263748",0,0,1,,"2022-01-28 13:52:39","4. Viramos olist em 20155. Em 2021 nos tornamos a 27ª empresa unicórnio do Brasil.","Twitter Web App",https://www.twitter.com/olistbr/status/1487061060079263748
169,,olist,olistbr,https://www.twitter.com/olistbr,"ID: 1490691111374966790",0,1,1,,"2022-02-07 14:17:11",#somosgentedeverdade,"Twitter Web App",https://www.twitter.com/olistbr/status/1490691111374966790
170,,olist,olistbr,https://www.twitter.com/olistbr,"ID: 1500832589103390721",1,0,0,,"2022-03-07 13:55:48","RT @eCommerce_Br: Confira um bate-papo leve e descontraído sobre o perfil dos novos consumidores, as estratégias de logística das grandes e…","Twitter Web App",https://www.twitter.com/olistbr/status/1500832589103390721
171,,olist,olistbr,https://www.twitter.com/olistbr,"ID: 1504093694810591234",0,1,3,,"2022-03-16 13:54:16","Quer aprender a automatizar o seu negócio em 3 dias?! 😮Com o #comofaz você aprende isso e ainda tem aulas exclusivas com especialistas do mercado!As aulas acontecem entre o dia 22 e 24 de março! Não vai esquecer em 😉Corre se inscrever: https://t.co/yjNYFTkZw4 https://t.co/f91cXJhudR","Twitter Web App",https://www.twitter.com/olistbr/status/1504093694810591234
172,,olist,olistbr,https://www.twitter.com/olistbr,"ID: 1518679861568618497",3,0,0,,"2022-04-25 19:54:29","RT @anestudies: pessoal, pra quem tá estudando java e ainda não tem experiência na área, a @olistbr tá com inscrições abertas pro tech star…","Twitter Web App",https://www.twitter.com/olistbr/status/1518679861568618497
173,,olist,olistbr,https://www.twitter.com/olistbr,"ID: 1524849365730443281",0,0,1,,"2022-05-12 20:29:53","Chegou o incluir para transformar 💙Essa é a oportunidade perfeita para você, #PcD, ingressar no mercado de trabalho, se desenvolver e ainda ajudar a construir o futuro do e-commerce. Quer fazer parte dessa história? Se inscreve aqui  👇https://t.co/sWB1b40TLg https://t.co/ihDBcYqyl3","Twitter Web App",https://www.twitter.com/olistbr/status/1524849365730443281
174,,olist,olistbr,https://www.twitter.com/olistbr,"ID: 1542933853047648258",0,1,5,,"2022-07-01 18:11:11","A @mittechreviewbr, divulgou a lista Innovate Workplaces. A iniciativa teve o objetivo de desenvolver a cultura de tecnologia e inovação do universo corporativo brasileiro e fomos eleitos como uma das 20 empresas mais inovadoras do Brasil.Fonte: @valorinveste https://t.co/Hq4YnRQxD1","Twitter Web App",https://www.twitter.com/olistbr/status/1542933853047648258
175,,olist,olistbr,https://www.twitter.com/olistbr,"ID: 1548018377146245123",0,1,1,,"2022-07-15 18:55:16","Tiago Dalvi, nosso CEO participou do podcast ""E-commerce Puro"" com Gabriel Bollico. E contou como o olist investiu para agregar soluções ainda mais completas aos nossos clientes e transformar o e-commerce mundial. Conheça mais em : https://t.co/66yQjgWKaw https://t.co/FAlPcFdkDJ","Twitter Web App",https://www.twitter.com/olistbr/status/1548018377146245123
176,,olist,olistbr,https://www.twitter.com/olistbr,"ID: 1548018379734130689",0,1,0,,"2022-07-15 18:55:17","Ouça e assista o episódio na integra: PODCAST ECOMMERCE PURO #5 | TIAGO DALVI https://t.co/klPIXTOdnJ via @YouTube","Twitter Web App",https://www.twitter.com/olistbr/status/1548018379734130689
177,,olist,olistbr,https://www.twitter.com/olistbr,"ID: 1549448118630076417",1,4,1,,"2022-07-19 17:36:33","Já pensou em por que vender na internet? Onde vender? E como vender? Curso gratuito #comofaz vem aí - do físico para o virtual: venha para a internet do jeito certo!Inscreva-se: https://t.co/YW86CYkt2VMarque o empreendedor que iria curtir esse curso https://t.co/ZwsdgYbvVi","Twitter Web App",https://www.twitter.com/olistbr/status/1549448118630076417
178,,olist,olistbr,https://www.twitter.com/olistbr,"ID: 1549747307834474496",0,2,1,,"2022-07-20 13:25:25","Fórum E-commercebrasil 2022 - @eCommerce_Br - 13ª edição.26 e 27 de julho, em São Paulo. O maior evento de E-Commerce da América Latina. Aproveite 15% off na compra de ingresso com o código de desconto F22OLIST. Veja a programação e garanta sua vaga: https://t.co/mXIBdvu3c6 https://t.co/uI5220nlZO","Twitter Web App",https://www.twitter.com/olistbr/status/1549747307834474496
179,,olist,olistbr,https://www.twitter.com/olistbr,"ID: 1549748057402654725",0,0,1,,"2022-07-20 13:28:24","Conheça nosso ecossistema completo em: https://t.co/66yQjgF9iY","Twitter Web App",https://www.twitter.com/olistbr/status/1549748057402654725
180,,olist,olistbr,https://www.twitter.com/olistbr,"ID: 1552279082624323590",0,0,1,,"2022-07-27 13:05:47","O primeiro dia de Fórum @eCommerce_Br 2022 foi marcado pela visita dos nossos clientes, parceiros e novos amigos. Hoje tem mais! Com o ecossistema olist completo, olist store, olist PAX, Tiny ERP e Vnda . Acompanhe também a cobertura no Instagram: https://t.co/vhTwYVK3jH https://t.co/43wzXhhusF","Twitter Web App",https://www.twitter.com/olistbr/status/1552279082624323590
181,,olist,olistbr,https://www.twitter.com/olistbr,"ID: 1553116133116575745",0,0,1,,"2022-07-29 20:31:56","Por que vender na internet? Quais são os melhores canais de venda? Onde começar? Nos dias 02, 03 e 04 de agosto, olist e Vnda apresentam um curso gratuito sobre digitalização. Matéria: @eCommerce_Br - https://t.co/uUuDHnAfJL https://t.co/mEkVJewDka","Twitter Web App",https://www.twitter.com/olistbr/status/1553116133116575745
182,,olist,olistbr,https://www.twitter.com/olistbr,"ID: 1558070395466661888",0,2,1,,"2022-08-12 12:38:24","O Digitalks Expo é o principal evento de Negócios da Economia Digital e Tecnologia do país. As principais empresas do setor e formadores de opinião do mercado nacional e internacional estarão presentes para discutir sobre o tema.👉 Inscreva-se://digitalks.com.br/expo/ https://t.co/vlI2QvQdGI","Twitter Web App",https://www.twitter.com/olistbr/status/1558070395466661888
183,,olist,olistbr,https://www.twitter.com/olistbr,"ID: 1558070604607234050",0,0,1,,"2022-08-12 12:39:14","Conheça nossa história: https://t.co/ROj1b9lFZM","Twitter Web App",https://www.twitter.com/olistbr/status/1558070604607234050
184,,olist,olistbr,https://www.twitter.com/olistbr,"ID: 1559215600014090248",0,3,1,,"2022-08-15 16:29:02","Diretor da Tiny by Olist descreve os pilares que permitem aos pequenos e médios varejistas uma bem-sucedida transição para o on-line https://t.co/bQoCfSUgZC Conheça nossa história: https://t.co/kk3zUmdBSD https://t.co/91iRtpjhyz","Twitter Web App",https://www.twitter.com/olistbr/status/1559215600014090248
185,,olist,olistbr,https://www.twitter.com/olistbr,"ID: 1560340536074051585",0,2,2,,"2022-08-18 18:59:08","Produtos que estão fora da lista de mais vendidos têm grande potencial no digital, diz CEO do Olist https://t.co/SdD19j8ygA via @YahooBr Precisa escalar suas vendas? Conseguimos te ajudar: https://t.co/GGLDPZYKD3 https://t.co/CLFJOMFGma","Twitter Web App",https://www.twitter.com/olistbr/status/1560340536074051585
186,,olist,olistbr,https://www.twitter.com/olistbr,"ID: 1562498405259431936",0,3,2,,"2022-08-24 17:53:44","""O olist lança lista gratuita de fornecedores de produtos para e-commerce"" https://t.co/D32rJi2bnv via @eCommerce_Br","Twitter Web App",https://www.twitter.com/olistbr/status/1562498405259431936
187,,olist,olistbr,https://www.twitter.com/olistbr,"ID: 1568283973318590465",0,5,2,,"2022-09-09 17:03:31","""Vnda by Olist lança guia para escolher plataforma de e-commerce"" Descubra qual a melhor plataforma de e-commerce para o seu negócio!https://t.co/PUSbEfC24n via @eCommerce_Br","Twitter Web App",https://www.twitter.com/olistbr/status/1568283973318590465
188,,olist,olistbr,https://www.twitter.com/olistbr,"ID: 1583520180436893696",0,0,2,,"2022-10-21 18:06:46","Estamos fazendo uma pesquisa sobre tendências para a Black Friday 2022 e a sua resposta é muito importante. A participação leva só 2 minutos. Contamos com você!https://t.co/jW3sB0rYiE https://t.co/gK9EP8E2RT","Twitter Web App",https://www.twitter.com/olistbr/status/1583520180436893696
189,,olist,olistbr,https://www.twitter.com/olistbr,"ID: 1584609188789260294",0,1,0,,"2022-10-24 18:14:05","Quer aprender sobre gestão e fazer sua empresa crescer cada vez mais?Supere os desafios do seu negócio e veja o passo a passo de uma gestão profissional com esse material exclusivo que time de Tiny, empresa do ecossistema olist, preparou para você📖https://t.co/q5lkHHVT2r https://t.co/cIWVCwzLgi","Twitter Web App",https://www.twitter.com/olistbr/status/1584609188789260294
190,,olist,olistbr,https://www.twitter.com/olistbr,"ID: 1587145779671613442",0,1,0,,"2022-10-31 18:13:36","Loggi se junta ao ERP Tiny para facilitar logística de MPEs Confira a matéria na Integra:https://t.co/QaHtW8fOsT https://t.co/1Ko0PmYwT7","Twitter Web App",https://www.twitter.com/olistbr/status/1587145779671613442
191,,olist,olistbr,https://www.twitter.com/olistbr,"ID: 1590070829928574976",0,1,1,,"2022-11-08 19:56:42","Plataforma omnichannel do Grupo Olist apoia mais de 300 lojistas com solução para o varejo físico https://t.co/fBEJP3RU45 https://t.co/yoSSXbOLC2","Twitter Web App",https://www.twitter.com/olistbr/status/1590070829928574976
192,,olist,olistbr,https://www.twitter.com/olistbr,"ID: 1592969823088164871",0,1,1,,"2022-11-16 19:56:16","Na primeira edição da nova temporada do Podcast Fora da Caixa: https://t.co/uBLblABcIK https://t.co/9PQW0QfGfQ","Twitter Web App",https://www.twitter.com/olistbr/status/1592969823088164871
193,,olist,olistbr,https://www.twitter.com/olistbr,"ID: 1595042245077798912",0,4,1,,"2022-11-22 13:11:20","Com ‘Best Friday’, campanha do Olist ajuda varejistas a se prepararem para o melhor dia do ano. Conheça mais: https://t.co/GLqVmzyjnK","Twitter Web App",https://www.twitter.com/olistbr/status/1595042245077798912
194,,olist,olistbr,https://www.twitter.com/olistbr,"ID: 1600566259053207552",0,1,1,,"2022-12-07 19:01:47","Nossa análise sobre a best friday traz dados importantes. Os números não param por aí! Nesta edição, também vimos o ticket médio crescer e três categorias em destaque: utilidades domésticas, eletrodomésticos e cosméticos.","Twitter Web App",https://www.twitter.com/olistbr/status/1600566259053207552
195,,olist,olistbr,https://www.twitter.com/olistbr,"ID: 1600566358776889373",0,3,1,,"2022-12-07 19:02:11","Confira a matéria completa em O Globo: https://t.co/xwveQldo8I","Twitter Web App",https://www.twitter.com/olistbr/status/1600566358776889373
196,,olist,olistbr,https://www.twitter.com/olistbr,"ID: 1601305470773628928",0,2,0,,"2022-12-09 19:59:09","“Já é Natal? Esse ano passou voando!” A frase clichê continua mais verdadeira do que nunca, e é hora de correr e preparar seu negócio para as vendas de Natal.Lista de Natal: os produtos mais vendidos na data https://t.co/9DgOsDHnYL https://t.co/1iZMvdH1Uo","Twitter Web App",https://www.twitter.com/olistbr/status/1601305470773628928
197,,olist,olistbr,https://www.twitter.com/olistbr,"ID: 1603853895909969934",0,0,0,,"2022-12-16 20:45:41","Consumo Phygital: a tendência do mercado que vem mudando o varejo e as jornadas de compra https://t.co/BeYT4Zbgq0","Twitter Web App",https://www.twitter.com/olistbr/status/1603853895909969934
198,,olist,olistbr,https://www.twitter.com/olistbr,"ID: 1608822211921739781",0,3,0,,"2022-12-30 13:48:00","Charlô: atendimento omnichannel com Vnda https://t.co/YwPU4NF5T8 https://t.co/CqnII9Ol1w","Twitter Web App",https://www.twitter.com/olistbr/status/1608822211921739781
